id,genre,prompt_name,reference_summary,generated_summary,source_length_chars,generated_length_words,reference_length_words
38264402,tech,tldr,"There is a ""chronic"" need for more housing for prison leavers in Wales, according to a charity.","Prison leavers in Wales are facing a ""desperate need"" for housing, a charity has said.",3548,15,17
38264402,tech,bullet_points,"There is a ""chronic"" need for more housing for prison leavers in Wales, according to a charity.","Prison leavers in Wales are facing a ""desperate need"" to find accommodation after release, a charity has said.",3548,18,17
38264402,tech,bullet_points_strict,"There is a ""chronic"" need for more housing for prison leavers in Wales, according to a charity.","Prison leavers in Wales are facing a ""desperate need"" for housing, a charity has said.",3548,15,17
38264402,tech,one_sentence,"There is a ""chronic"" need for more housing for prison leavers in Wales, according to a charity.","Prison leavers in Wales are facing a ""desperate need"" to find accommodation, a charity has said.",3548,16,17
38264402,tech,fact_constrained,"There is a ""chronic"" need for more housing for prison leavers in Wales, according to a charity.","The need for housing for prison leavers is ""disappointing"", a charity has said.",3548,13,17
34227252,entertainment,tldr,"A man has appeared in court after firearms, ammunition and cash were seized by police in Edinburgh.",A 26-year-old man has been charged with armed robbery in Edinburgh.,289,11,17
34227252,entertainment,bullet_points,"A man has appeared in court after firearms, ammunition and cash were seized by police in Edinburgh.",A 26-year-old man has appeared in court charged with armed robbery in Edinburgh.,289,13,17
34227252,entertainment,bullet_points_strict,"A man has appeared in court after firearms, ammunition and cash were seized by police in Edinburgh.",A 26-year-old man has appeared in court charged with armed robbery in Edinburgh.,289,13,17
34227252,entertainment,one_sentence,"A man has appeared in court after firearms, ammunition and cash were seized by police in Edinburgh.",A 26-year-old man has appeared in court charged with armed robbery in Edinburgh.,289,13,17
34227252,entertainment,fact_constrained,"A man has appeared in court after firearms, ammunition and cash were seized by police in Edinburgh.",A 26-year-old man has appeared in court charged with armed robbery in Edinburgh.,289,13,17
38537698,tech,tldr,"Four people accused of kidnapping and torturing a mentally disabled man in a ""racially motivated"" attack streamed on Facebook have been denied bail.",Four teenagers have been charged with hate crimes after a white man was held captive in a van.,1498,18,23
38537698,tech,bullet_points,"Four people accused of kidnapping and torturing a mentally disabled man in a ""racially motivated"" attack streamed on Facebook have been denied bail.",Four teenagers have been charged with hate crimes after a white man was beaten to death in a Chicago suburb.,1498,20,23
38537698,tech,bullet_points_strict,"Four people accused of kidnapping and torturing a mentally disabled man in a ""racially motivated"" attack streamed on Facebook have been denied bail.",Four teenagers have been charged with hate crimes after a white man was beaten to death in Chicago.,1498,18,23
38537698,tech,one_sentence,"Four people accused of kidnapping and torturing a mentally disabled man in a ""racially motivated"" attack streamed on Facebook have been denied bail.",Four teenagers have been charged with hate crimes after a white man was beaten to death in Chicago.,1498,18,23
38537698,tech,fact_constrained,"Four people accused of kidnapping and torturing a mentally disabled man in a ""racially motivated"" attack streamed on Facebook have been denied bail.",Four teenagers have been charged with hate crimes after a white man was beaten to death in Chicago.,1498,18,23
36175342,sport,tldr,"West Brom have appointed Nicky Hammond as technical director, ending his 20-year association with Reading.",West Bromwich Albion have appointed West Brom's former youth academy director as their new director of football.,315,17,15
36175342,sport,bullet_points,"West Brom have appointed Nicky Hammond as technical director, ending his 20-year association with Reading.",West Bromwich Albion have appointed former Arsenal youth academy director and former West Bromwich Albion goalkeeper Mark Hughes as their new director of football.,315,24,15
36175342,sport,bullet_points_strict,"West Brom have appointed Nicky Hammond as technical director, ending his 20-year association with Reading.",West Bromwich Albion have appointed former Arsenal youth academy director and youth academy director Darren Clarke as their new director of football.,315,22,15
36175342,sport,one_sentence,"West Brom have appointed Nicky Hammond as technical director, ending his 20-year association with Reading.",West Bromwich Albion have appointed West Brom's former youth academy director as their new director of football.,315,17,15
36175342,sport,fact_constrained,"West Brom have appointed Nicky Hammond as technical director, ending his 20-year association with Reading.",West Bromwich Albion have appointed West Brom's former youth academy director as their new director of football.,315,17,15
39070183,tech,tldr,"The pancreas can be triggered to regenerate itself through a type of fasting diet, say US researchers.",A fasting-mimicking diet has been shown to reverse the symptoms of type 1 diabetes.,3615,14,17
39070183,tech,bullet_points,"The pancreas can be triggered to regenerate itself through a type of fasting diet, say US researchers.",A fasting-mimicking diet has been shown to reverse the symptoms of type 1 and type 2 diabetes.,3615,17,17
39070183,tech,bullet_points_strict,"The pancreas can be triggered to regenerate itself through a type of fasting diet, say US researchers.",A fasting-mimicking diet has been shown to reverse the symptoms of type 1 and type 2 diabetes.,3615,17,17
39070183,tech,one_sentence,"The pancreas can be triggered to regenerate itself through a type of fasting diet, say US researchers.",A fasting-mimicking diet has been shown to reverse the symptoms of type 1 and type 2 diabetes.,3615,17,17
39070183,tech,fact_constrained,"The pancreas can be triggered to regenerate itself through a type of fasting diet, say US researchers.",A fasting-mimicking diet has been shown to reverse the symptoms of type 1 and type 2 diabetes.,3615,17,17
38899892,business,tldr,"Since their impending merger was announced in January, there has been remarkably little comment about the huge proposed deal to combine Essilor and Luxottica.","If you're looking for a good deal on a merger between Essilor and Luxottica, there's no doubt you'll find it.",6187,20,24
38899892,business,bullet_points,"Since their impending merger was announced in January, there has been remarkably little comment about the huge proposed deal to combine Essilor and Luxottica.","If you're looking for a good deal on a merger between two of the world's biggest companies, there's no doubt you'll find it.",6187,23,24
38899892,business,bullet_points_strict,"Since their impending merger was announced in January, there has been remarkably little comment about the huge proposed deal to combine Essilor and Luxottica.","If you're looking for a good deal on a merger between two of the world's biggest companies, there's no doubt you'll find it.",6187,23,24
38899892,business,one_sentence,"Since their impending merger was announced in January, there has been remarkably little comment about the huge proposed deal to combine Essilor and Luxottica.",There's no doubt that there will be a merger between Essilor and Luxottica in the near future.,6187,17,24
38899892,business,fact_constrained,"Since their impending merger was announced in January, there has been remarkably little comment about the huge proposed deal to combine Essilor and Luxottica.",There's no doubt that there will be a merger between Essilor and Luxottica in the near future.,6187,17,24
39339718,sport,tldr,"A ""medal at any cost"" approach created a ""culture of fear"" at British Cycling, says former rider Wendy Houvenaghel.","Wendy Houvenaghel has said she feels ""vindicated"" by a report into British Cycling's World Class programme.",5466,16,19
39339718,sport,bullet_points,"A ""medal at any cost"" approach created a ""culture of fear"" at British Cycling, says former rider Wendy Houvenaghel.","Wendy Houvenaghel has said she feels ""vindicated"" by a report into British Cycling's World Class programme.",5466,16,19
39339718,sport,bullet_points_strict,"A ""medal at any cost"" approach created a ""culture of fear"" at British Cycling, says former rider Wendy Houvenaghel.","Wendy Houvenaghel has said she feels ""vindicated"" by a report into British Cycling's World Class programme.",5466,16,19
39339718,sport,one_sentence,"A ""medal at any cost"" approach created a ""culture of fear"" at British Cycling, says former rider Wendy Houvenaghel.","Wendy Houvenaghel has said she feels ""vindicated"" by a report into British Cycling's World Class programme.",5466,16,19
39339718,sport,fact_constrained,"A ""medal at any cost"" approach created a ""culture of fear"" at British Cycling, says former rider Wendy Houvenaghel.","Wendy Houvenaghel has said she feels ""vindicated"" by a report into British Cycling's World Class programme.",5466,16,19
34571446,business,tldr,Have you heard the one about the computer programmer who bought a failing comedy club in Texas and turned it into a million dollar a year business?,"The Hideout is an improv theatre in Austin, Texas.",5990,9,27
34571446,business,bullet_points,Have you heard the one about the computer programmer who bought a failing comedy club in Texas and turned it into a million dollar a year business?,"The Hideout is a comedy club in Austin, Texas.",5990,9,27
34571446,business,bullet_points_strict,Have you heard the one about the computer programmer who bought a failing comedy club in Texas and turned it into a million dollar a year business?,"The Hideout is an improv theatre in Austin, Texas.",5990,9,27
34571446,business,one_sentence,Have you heard the one about the computer programmer who bought a failing comedy club in Texas and turned it into a million dollar a year business?,"The Hideout is a comedy club in Austin, Texas.",5990,9,27
34571446,business,fact_constrained,Have you heard the one about the computer programmer who bought a failing comedy club in Texas and turned it into a million dollar a year business?,"The Hideout is a comedy club in Austin, Texas.",5990,9,27
36892983,business,tldr,"The reaction from BT's investors told us much about media regulator Ofcom's ruling on the fate of Openreach, the BT subsidiary that provides much of the UK's broadband infrastructure.","BT's share price soared in early trading on Thursday after the company's chief executive, Sharon White, said the company's pension scheme was ""practical obstacles"" to a split.",2409,27,29
36892983,business,bullet_points,"The reaction from BT's investors told us much about media regulator Ofcom's ruling on the fate of Openreach, the BT subsidiary that provides much of the UK's broadband infrastructure.","BT's share price soared in the early hours of Thursday morning, as the company's shares soared on the London Stock Exchange.",2409,21,29
36892983,business,bullet_points_strict,"The reaction from BT's investors told us much about media regulator Ofcom's ruling on the fate of Openreach, the BT subsidiary that provides much of the UK's broadband infrastructure.","BT's share price soared in early trading after the company's chief executive, Ofcom's Sharon White, said the company's pension scheme was ""practical obstacles"" to a break-up.",2409,26,29
36892983,business,one_sentence,"The reaction from BT's investors told us much about media regulator Ofcom's ruling on the fate of Openreach, the BT subsidiary that provides much of the UK's broadband infrastructure.","BT's share price soared in the early hours of Thursday morning, as the company's shares soared on the London Stock Exchange.",2409,21,29
36892983,business,fact_constrained,"The reaction from BT's investors told us much about media regulator Ofcom's ruling on the fate of Openreach, the BT subsidiary that provides much of the UK's broadband infrastructure.","BT's share price soared in early trading on Thursday after the company's chief executive, Ofcom chief executive Sharon White, said that a break-up would be ""a costly headache"" and that a government guarantee on part of the company's pension scheme would be needed.",2409,43,29
37732028,sport,tldr,Manager Brendan Rodgers is sure Celtic can exploit the wide open spaces of Hampden when they meet Rangers in Sunday's League Cup semi-final.,Brendan Rodgers says he is looking forward to his first Old Firm derby with Celtic on Saturday.,2255,17,23
37732028,sport,bullet_points,Manager Brendan Rodgers is sure Celtic can exploit the wide open spaces of Hampden when they meet Rangers in Sunday's League Cup semi-final.,Brendan Rodgers says he is looking forward to his first Old Firm derby with Celtic on Saturday.,2255,17,23
37732028,sport,bullet_points_strict,Manager Brendan Rodgers is sure Celtic can exploit the wide open spaces of Hampden when they meet Rangers in Sunday's League Cup semi-final.,Brendan Rodgers says he is looking forward to his first Old Firm derby with Celtic on Saturday.,2255,17,23
37732028,sport,one_sentence,Manager Brendan Rodgers is sure Celtic can exploit the wide open spaces of Hampden when they meet Rangers in Sunday's League Cup semi-final.,Brendan Rodgers says he is looking forward to his first Old Firm derby with Celtic on Saturday.,2255,17,23
37732028,sport,fact_constrained,Manager Brendan Rodgers is sure Celtic can exploit the wide open spaces of Hampden when they meet Rangers in Sunday's League Cup semi-final.,Brendan Rodgers says he is looking forward to his first Old Firm derby with Celtic on Saturday.,2255,17,23
32300397,business,tldr,Queen's University Belfast is cutting 236 jobs and 290 student places due to a funding reduction.,"Queen's University in Belfast has announced it will be cutting its undergraduate and postgraduate places by 1,010 over the next three years.",2327,22,16
32300397,business,bullet_points,Queen's University Belfast is cutting 236 jobs and 290 student places due to a funding reduction.,"The University of Queen's in Belfast has announced it will be cutting its undergraduate and postgraduate places by 1,010 over the next three years.",2327,24,16
32300397,business,bullet_points_strict,Queen's University Belfast is cutting 236 jobs and 290 student places due to a funding reduction.,"The University of Queen's in Belfast is to cut its undergraduate and postgraduate places by 1,010 over the next three years, the BBC understands.",2327,24,16
32300397,business,one_sentence,Queen's University Belfast is cutting 236 jobs and 290 student places due to a funding reduction.,Queen's University in Belfast has announced it will be cutting its undergraduate and postgraduate student places.,2327,16,16
32300397,business,fact_constrained,Queen's University Belfast is cutting 236 jobs and 290 student places due to a funding reduction.,The University of Queen's in Belfast has announced it will be cutting its undergraduate and postgraduate places.,2327,17,16
32672009,tech,tldr,Hospital bosses in Sussex have apologised after about 850 patients were sent leaflets in error suggesting they might have cancer.,East Sussex Healthcare NHS Trust has apologised after 850 leaflets were mistakenly inserted with an appointment letter.,1327,17,20
32672009,tech,bullet_points,Hospital bosses in Sussex have apologised after about 850 patients were sent leaflets in error suggesting they might have cancer.,A hospital trust has apologised after 850 leaflets were mistakenly inserted with a patient's appointment letter.,1327,16,20
32672009,tech,bullet_points_strict,Hospital bosses in Sussex have apologised after about 850 patients were sent leaflets in error suggesting they might have cancer.,"East Sussex Healthcare NHS Trust has apologised for a ""two-week information leaflet"" being inserted with an appointment letter.",1327,18,20
32672009,tech,one_sentence,Hospital bosses in Sussex have apologised after about 850 patients were sent leaflets in error suggesting they might have cancer.,"East Sussex Healthcare NHS Trust has apologised for a ""two-week information leaflet"" being inserted with an appointment letter.",1327,18,20
32672009,tech,fact_constrained,Hospital bosses in Sussex have apologised after about 850 patients were sent leaflets in error suggesting they might have cancer.,A hospital trust has apologised after 850 leaflets were mistakenly inserted with a patient's appointment letter.,1327,16,20
38872899,politics,tldr,The shadow foreign secretary has suggested Labour will continue to support legislation paving the way for Brexit as it passes through Parliament.,"Labour has said it will not ""frustrate Brexit"" if it fails to amend its Brexit bill.",3177,16,22
38872899,politics,bullet_points,The shadow foreign secretary has suggested Labour will continue to support legislation paving the way for Brexit as it passes through Parliament.,"Labour has said it will not ""frustrate Brexit"" if it fails to amend its Brexit bill.",3177,16,22
38872899,politics,bullet_points_strict,The shadow foreign secretary has suggested Labour will continue to support legislation paving the way for Brexit as it passes through Parliament.,"Labour has said it will not ""frustrate Brexit"" if it fails to amend its Brexit bill.",3177,16,22
38872899,politics,one_sentence,The shadow foreign secretary has suggested Labour will continue to support legislation paving the way for Brexit as it passes through Parliament.,"Labour has said it will not ""frustrate Brexit"" if it fails to amend its Brexit bill.",3177,16,22
38872899,politics,fact_constrained,The shadow foreign secretary has suggested Labour will continue to support legislation paving the way for Brexit as it passes through Parliament.,"Labour has said it will not ""frustrate Brexit"" if it fails to amend its Brexit bill.",3177,16,22
37248643,sport,tldr,Torquay United boss Kevin Nicholson says none of the money from Eunan O'Kane's move to Leeds from Bournemouth will go to the playing squad.,The Gulls are looking for a new owner after a deal was struck with winger Sean O'Kane.,630,17,24
37248643,sport,bullet_points,Torquay United boss Kevin Nicholson says none of the money from Eunan O'Kane's move to Leeds from Bournemouth will go to the playing squad.,The Gulls have agreed a deal to sell midfielder Michael O'Kane to the Cherries for £8m.,630,16,24
37248643,sport,bullet_points_strict,Torquay United boss Kevin Nicholson says none of the money from Eunan O'Kane's move to Leeds from Bournemouth will go to the playing squad.,The Gulls have agreed a deal to sell midfielder Sean O'Kane to the Cherries for £8m.,630,16,24
37248643,sport,one_sentence,Torquay United boss Kevin Nicholson says none of the money from Eunan O'Kane's move to Leeds from Bournemouth will go to the playing squad.,The Gulls have agreed a deal to sell midfielder Sean O'Kane to the Cherries for £8m.,630,16,24
37248643,sport,fact_constrained,Torquay United boss Kevin Nicholson says none of the money from Eunan O'Kane's move to Leeds from Bournemouth will go to the playing squad.,The Gulls have agreed a deal to sell midfielder Sean O'Kane to the Cherries for £8m.,630,16,24
38521798,tech,tldr,North Wales Police has been criticised at an inquest for sending an officer to speak to a hospital patient with paranoid schizophrenia.,"A psychiatric consultant has said he is ""extremely unhappy"" about a visit by a police officer to a ward at a hospital.",1324,22,22
38521798,tech,bullet_points,North Wales Police has been criticised at an inquest for sending an officer to speak to a hospital patient with paranoid schizophrenia.,"A psychiatric consultant has said he is ""extremely unhappy"" about a visit by a police officer to a psychiatric unit at a hospital.",1324,23,22
38521798,tech,bullet_points_strict,North Wales Police has been criticised at an inquest for sending an officer to speak to a hospital patient with paranoid schizophrenia.,"A psychiatric consultant has said he is ""extremely unhappy"" about a visit by a police officer to a ward at a hospital.",1324,22,22
38521798,tech,one_sentence,North Wales Police has been criticised at an inquest for sending an officer to speak to a hospital patient with paranoid schizophrenia.,An inquest into the death of a man whose body was found in the Menai Strait has been adjourned.,1324,19,22
38521798,tech,fact_constrained,North Wales Police has been criticised at an inquest for sending an officer to speak to a hospital patient with paranoid schizophrenia.,An inquest into the death of a man whose body was found in the Strait of Gwynedd has been adjourned.,1324,20,22
29771956,sport,tldr,Leicester City striker Gary Taylor-Fletcher has joined Sheffield Wednesday on an initial month-long loan.,Leicester City have signed former Blackpool and Blackpool midfielder Chris Taylor-Fletcher on a one-year deal.,345,15,14
29771956,sport,bullet_points,Leicester City striker Gary Taylor-Fletcher has joined Sheffield Wednesday on an initial month-long loan.,Leicester City have signed former Blackpool and Blackpool midfielder Chris Taylor-Fletcher on a one-year deal.,345,15,14
29771956,sport,bullet_points_strict,Leicester City striker Gary Taylor-Fletcher has joined Sheffield Wednesday on an initial month-long loan.,Leicester City have signed Leicester City winger Chris Taylor-Fletcher on a one-year deal.,345,13,14
29771956,sport,one_sentence,Leicester City striker Gary Taylor-Fletcher has joined Sheffield Wednesday on an initial month-long loan.,Leicester City have signed former Blackpool and Blackpool midfielder Chris Taylor-Fletcher on a one-year deal.,345,15,14
29771956,sport,fact_constrained,Leicester City striker Gary Taylor-Fletcher has joined Sheffield Wednesday on an initial month-long loan.,Leicester City have signed striker Mark Taylor-Fletcher on a one-year contract.,345,11,14
38322594,politics,tldr,"Limiting access to federal research would do an ""enormous disservice"" to the US and the world according to former Nasa chief scientist.",Climate Change (IPCC) chief scientist at the Co-operative Institute for Research in Environmental Sciences says the Trump administration's rhetoric on climate change will be backed up by action against scientists working on it.,5994,33,22
38322594,politics,bullet_points,"Limiting access to federal research would do an ""enormous disservice"" to the US and the world according to former Nasa chief scientist.","The chief scientist of Nasa has warned that access to climate data will be a ""tremendous disservice to the citizens of this country and to the world in general"".",5994,29,22
38322594,politics,bullet_points_strict,"Limiting access to federal research would do an ""enormous disservice"" to the US and the world according to former Nasa chief scientist.","The chief scientist of Nasa has warned that access to federal databases will be ""an enormous disservice to the citizens of this country and to the world in general"".",5994,29,22
38322594,politics,one_sentence,"Limiting access to federal research would do an ""enormous disservice"" to the US and the world according to former Nasa chief scientist.","Climate Change (IPCC) chief scientist at the Co-operative Institute for Research in Environmental Sciences has warned that access to climate data will be a ""tremendous disservice"" to the scientific community.",5994,30,22
38322594,politics,fact_constrained,"Limiting access to federal research would do an ""enormous disservice"" to the US and the world according to former Nasa chief scientist.","Climate Change (IPCC) chief scientist at the Co-operative Institute for Research in Environmental Sciences has warned that the US government's access to climate data will be a ""tremendous disservice"" to the scientific community.",5994,33,22
35194738,entertainment,tldr,"John ""Brad"" Bradbury, drummer with The Specials, has died at the age of 62.",The Specials drummer John 'Brad' Bradbury has died at the age of 84.,2299,13,14
35194738,entertainment,bullet_points,"John ""Brad"" Bradbury, drummer with The Specials, has died at the age of 62.",The Specials drummer John 'Brad' Bradbury has died at the age of 84.,2299,13,14
35194738,entertainment,bullet_points_strict,"John ""Brad"" Bradbury, drummer with The Specials, has died at the age of 62.",The Specials drummer John 'Brad' Bradbury has died at the age of 84.,2299,13,14
35194738,entertainment,one_sentence,"John ""Brad"" Bradbury, drummer with The Specials, has died at the age of 62.",The Specials drummer John Bradbury has died at the age of 84.,2299,12,14
35194738,entertainment,fact_constrained,"John ""Brad"" Bradbury, drummer with The Specials, has died at the age of 62.",The Specials drummer John 'Brad' Bradbury has died at the age of 84.,2299,13,14
38781058,sport,tldr,"Tiger Woods missed the cut at the Farmers Insurance Open, as England's Justin Rose maintained a one-shot lead.",Woods missed the cut in the first round of the San Diego Open as he missed the cut by four shots.,1091,21,18
38781058,sport,bullet_points,"Tiger Woods missed the cut at the Farmers Insurance Open, as England's Justin Rose maintained a one-shot lead.",World number one Woods missed the cut at the US Open as he missed the cut by four shots.,1091,19,18
38781058,sport,bullet_points_strict,"Tiger Woods missed the cut at the Farmers Insurance Open, as England's Justin Rose maintained a one-shot lead.",Woods misses the cut at the US Open as he misses the cut at Torrey Pines.,1091,16,18
38781058,sport,one_sentence,"Tiger Woods missed the cut at the Farmers Insurance Open, as England's Justin Rose maintained a one-shot lead.",Woods missed the cut in the first round of the US Open as he missed the cut at Torrey Pines.,1091,20,18
38781058,sport,fact_constrained,"Tiger Woods missed the cut at the Farmers Insurance Open, as England's Justin Rose maintained a one-shot lead.",World number one Woods missed the cut in the first round of the US Open as he missed the cut by four shots.,1091,23,18
40181128,sport,tldr,"Former England striker Andy Cole says he faces a ""long road ahead"" as he recovers from his recent kidney transplant.","Manchester United striker Wayne Cole says he has a ""long road ahead"" after a kidney transplant.",1774,16,20
40181128,sport,bullet_points,"Former England striker Andy Cole says he faces a ""long road ahead"" as he recovers from his recent kidney transplant.","Manchester United striker Wayne Cole says he has a ""long road ahead"" after a kidney transplant.",1774,16,20
40181128,sport,bullet_points_strict,"Former England striker Andy Cole says he faces a ""long road ahead"" as he recovers from his recent kidney transplant.","Manchester United striker Ashley Cole says he has a ""long road ahead"" after a kidney transplant.",1774,16,20
40181128,sport,one_sentence,"Former England striker Andy Cole says he faces a ""long road ahead"" as he recovers from his recent kidney transplant.","Manchester United striker Wayne Cole says he has a ""long road ahead"" after being diagnosed with kidney failure.",1774,18,20
40181128,sport,fact_constrained,"Former England striker Andy Cole says he faces a ""long road ahead"" as he recovers from his recent kidney transplant.","Manchester United striker Wayne Cole says he has a ""long road ahead"" after being diagnosed with kidney failure.",1774,18,20
35345872,tech,tldr,"Pakistan has unblocked the video sharing site, YouTube, more than three years after it was banned for posting a video deemed insulting to Islam.",Pakistan's government has lifted a ban on YouTube in the country.,2066,11,24
35345872,tech,bullet_points,"Pakistan has unblocked the video sharing site, YouTube, more than three years after it was banned for posting a video deemed insulting to Islam.",Pakistan's government has lifted a ban on YouTube in the country.,2066,11,24
35345872,tech,bullet_points_strict,"Pakistan has unblocked the video sharing site, YouTube, more than three years after it was banned for posting a video deemed insulting to Islam.",Pakistan's government has lifted a ban on YouTube in the country.,2066,11,24
35345872,tech,one_sentence,"Pakistan has unblocked the video sharing site, YouTube, more than three years after it was banned for posting a video deemed insulting to Islam.",Pakistan's government has lifted a ban on YouTube in the country.,2066,11,24
35345872,tech,fact_constrained,"Pakistan has unblocked the video sharing site, YouTube, more than three years after it was banned for posting a video deemed insulting to Islam.",Pakistan's government has lifted a ban on YouTube in the country.,2066,11,24
32148941,sport,tldr,"Leicester Tigers winger Miles Benjamin is likely to be out for the rest of the season because of a knee injury, reports BBC Radio Leicester.",Leicester's Ben Benjamin will miss the rest of the season after suffering a neck injury.,681,15,25
32148941,sport,bullet_points,"Leicester Tigers winger Miles Benjamin is likely to be out for the rest of the season because of a knee injury, reports BBC Radio Leicester.",Leicester's Ben Benjamin will miss the rest of the season because of a neck injury.,681,15,25
32148941,sport,bullet_points_strict,"Leicester Tigers winger Miles Benjamin is likely to be out for the rest of the season because of a knee injury, reports BBC Radio Leicester.",Leicester's Ben Benjamin will miss the rest of the season because of a neck injury.,681,15,25
32148941,sport,one_sentence,"Leicester Tigers winger Miles Benjamin is likely to be out for the rest of the season because of a knee injury, reports BBC Radio Leicester.",Leicester's Ben Benjamin will miss the rest of the season because of a neck injury.,681,15,25
32148941,sport,fact_constrained,"Leicester Tigers winger Miles Benjamin is likely to be out for the rest of the season because of a knee injury, reports BBC Radio Leicester.",Leicester's Ben Benjamin is likely to miss the rest of the season after suffering a neck injury.,681,17,25
37066439,sport,tldr,Owain Doull has won Wales' first gold of the 2016 Olympics as he helped the Great Britain men's team pursuit defend their cycling title in Rio.,Great Britain's Mark Doull won a silver medal in the women's team pursuit at the Rio Olympics.,2589,17,26
37066439,sport,bullet_points,Owain Doull has won Wales' first gold of the 2016 Olympics as he helped the Great Britain men's team pursuit defend their cycling title in Rio.,Great Britain's Mark Doull has won his first Olympic gold medal as he helped Great Britain beat Australia in the final of the World Championships in Rio.,2589,27,26
37066439,sport,bullet_points_strict,Owain Doull has won Wales' first gold of the 2016 Olympics as he helped the Great Britain men's team pursuit defend their cycling title in Rio.,Great Britain's Mark Doull won a silver medal in the women's team pursuit at the Rio Olympics.,2589,17,26
37066439,sport,one_sentence,Owain Doull has won Wales' first gold of the 2016 Olympics as he helped the Great Britain men's team pursuit defend their cycling title in Rio.,Great Britain's Mark Doull has won his first Olympic gold medal as he helped Great Britain beat Australia in the men's 500m final at the Rio Olympics.,2589,27,26
37066439,sport,fact_constrained,Owain Doull has won Wales' first gold of the 2016 Olympics as he helped the Great Britain men's team pursuit defend their cycling title in Rio.,Great Britain's Mark Doull won a silver medal in the women's 500m at the Rio Olympics.,2589,16,26
40787080,tech,tldr,"Floods in the western Indian state of Gujarat have killed 218 people, government officials have confirmed.","The death toll from floods in Gujarat state has risen to more than 100 people, officials say.",760,17,16
40787080,tech,bullet_points,"Floods in the western Indian state of Gujarat have killed 218 people, government officials have confirmed.","The death toll from floods in Gujarat state has risen to more than 100 people, officials say.",760,17,16
40787080,tech,bullet_points_strict,"Floods in the western Indian state of Gujarat have killed 218 people, government officials have confirmed.","The death toll from floods in Gujarat state has risen to more than 100 people, officials say.",760,17,16
40787080,tech,one_sentence,"Floods in the western Indian state of Gujarat have killed 218 people, government officials have confirmed.","The death toll from floods in Gujarat state has risen to more than 100 people, officials say.",760,17,16
40787080,tech,fact_constrained,"Floods in the western Indian state of Gujarat have killed 218 people, government officials have confirmed.","The death toll from floods in Gujarat state has risen to more than 100, officials say.",760,16,16
39192648,sport,tldr,All images copyrighted.,Snowsports couple Bridget Reid and Jonathan Reid got married on skis at Nevis Range.,2071,14,3
39192648,sport,bullet_points,All images copyrighted.,"A couple who got married on skis in a Scottish ski resort have said it was ""the best day of the year"".",2071,22,3
39192648,sport,bullet_points_strict,All images copyrighted.,Snowsports lovers got married on skis in a wedding ceremony at Nevis Range.,2071,13,3
39192648,sport,one_sentence,All images copyrighted.,Bridget Reid and Jonathan Reid got married on skis at Nevis Range in the Highlands.,2071,15,3
39192648,sport,fact_constrained,All images copyrighted.,A couple got married on skis in a Scottish ski resort.,2071,11,3
27119429,business,tldr,"Royal Bank of Scotland (RBS) has been fined HK$6m (£460,000) by Hong Kong regulators after it failed to detect a series of unauthorised transactions by one of its traders.",Hong Kong's Royal Bank of Scotland (RBS) has been fined a record amount by the Hong Kong Securities and Exchange Commission (HKSEC).,1584,22,29
27119429,business,bullet_points,"Royal Bank of Scotland (RBS) has been fined HK$6m (£460,000) by Hong Kong regulators after it failed to detect a series of unauthorised transactions by one of its traders.",Hong Kong's Royal Bank of Scotland (RBS) has been fined a record amount by the Hong Kong Securities and Exchange Commission (HKSEC).,1584,22,29
27119429,business,bullet_points_strict,"Royal Bank of Scotland (RBS) has been fined HK$6m (£460,000) by Hong Kong regulators after it failed to detect a series of unauthorised transactions by one of its traders.",Hong Kong's Royal Bank of Scotland (RBS) has been fined a record amount by the Hong Kong Securities and Exchange Commission (HKSEC).,1584,22,29
27119429,business,one_sentence,"Royal Bank of Scotland (RBS) has been fined HK$6m (£460,000) by Hong Kong regulators after it failed to detect a series of unauthorised transactions by one of its traders.",Hong Kong's Royal Bank of Scotland (RBS) has been fined a record amount by the Hong Kong Securities and Exchange Commission (HKSEC).,1584,22,29
27119429,business,fact_constrained,"Royal Bank of Scotland (RBS) has been fined HK$6m (£460,000) by Hong Kong regulators after it failed to detect a series of unauthorised transactions by one of its traders.",Hong Kong's Royal Bank of Scotland (RBS) has been fined a record amount by the Hong Kong Securities and Exchange Commission (HKSEC).,1584,22,29
38952672,politics,tldr,"The Bafta awards had laughter, passion and plenty of politics.",Bafta winner Casey Affleck praised Meryl Streep's speech at the Golden Globes. Justin Hurwitz said he'd written a song that didn't end up in the movie.,4428,26,10
38952672,politics,bullet_points,"The Bafta awards had laughter, passion and plenty of politics.",The Baftas ceremony was a huge success.,4428,7,10
38952672,politics,bullet_points_strict,"The Bafta awards had laughter, passion and plenty of politics.","The Baftas have been a huge success, and it's been great to see some of the best actors from around the world.",4428,22,10
38952672,politics,one_sentence,"The Bafta awards had laughter, passion and plenty of politics.",Baftas.,4428,1,10
38952672,politics,fact_constrained,"The Bafta awards had laughter, passion and plenty of politics.",The Baftas ceremony was a huge success.,4428,7,10
39935147,entertainment,tldr,South African police say four people have been arrested in connection with the murder of former actor on popular local TV series Generations.,Police in South Africa are questioning the suspects who shot and killed a 40-year-old DJ.,606,15,23
39935147,entertainment,bullet_points,South African police say four people have been arrested in connection with the murder of former actor on popular local TV series Generations.,Police in South Africa are questioning two men who robbed women of their mobile phones in a pub.,606,18,23
39935147,entertainment,bullet_points_strict,South African police say four people have been arrested in connection with the murder of former actor on popular local TV series Generations.,Police in South Africa are questioning two men who robbed women of their mobile phones in a pub.,606,18,23
39935147,entertainment,one_sentence,South African police say four people have been arrested in connection with the murder of former actor on popular local TV series Generations.,Police in South Africa are questioning two men who robbed women of their mobile phones in a pub.,606,18,23
39935147,entertainment,fact_constrained,South African police say four people have been arrested in connection with the murder of former actor on popular local TV series Generations.,Police in South Africa are questioning the suspects who shot and killed a South African DJ.,606,16,23
34911128,tech,tldr,"A shot was reportedly fired at a car outside a primary school in Liverpool as parents were taking their children inside, police have said.",A gunshot has been fired at a school in Merseyside.,1172,10,24
34911128,tech,bullet_points,"A shot was reportedly fired at a car outside a primary school in Liverpool as parents were taking their children inside, police have said.",A gunshot has been fired at a primary school in Merseyside.,1172,11,24
34911128,tech,bullet_points_strict,"A shot was reportedly fired at a car outside a primary school in Liverpool as parents were taking their children inside, police have said.",A school shooting at a primary school in Merseyside is being investigated by police.,1172,14,24
34911128,tech,one_sentence,"A shot was reportedly fired at a car outside a primary school in Liverpool as parents were taking their children inside, police have said.",Police are investigating a shooting at a primary school in Merseyside.,1172,11,24
34911128,tech,fact_constrained,"A shot was reportedly fired at a car outside a primary school in Liverpool as parents were taking their children inside, police have said.",A school shooting at a primary school in Merseyside has left a pupil in a critical condition.,1172,17,24
38914203,politics,tldr,A total of 228 candidates will contest the Northern Ireland Assembly election next month - 48 fewer than last time.,There are a total of 228 candidates in the assembly election in Northern Ireland.,901,14,20
38914203,politics,bullet_points,A total of 228 candidates will contest the Northern Ireland Assembly election next month - 48 fewer than last time.,There are a total of 228 candidates in the Northern Ireland Assembly election.,901,13,20
38914203,politics,bullet_points_strict,A total of 228 candidates will contest the Northern Ireland Assembly election next month - 48 fewer than last time.,There are a total of 228 candidates in the assembly election in Northern Ireland.,901,14,20
38914203,politics,one_sentence,A total of 228 candidates will contest the Northern Ireland Assembly election next month - 48 fewer than last time.,There are a total of 228 candidates in the Northern Ireland Assembly election.,901,13,20
38914203,politics,fact_constrained,A total of 228 candidates will contest the Northern Ireland Assembly election next month - 48 fewer than last time.,There are a total of 228 candidates in the assembly election in Northern Ireland.,901,14,20
37624408,business,tldr,"With the value of the pound falling dramatically since Brexit, a ""flash crash"" last week when the currency lost 6% of its value against the dollar, and news on Tuesday that the pound had fallen again, when would be a good time to change those pounds to dollars?","""I'm planning on going to New York in December, should I get my cash now or wait?""",2117,17,48
37624408,business,bullet_points,"With the value of the pound falling dramatically since Brexit, a ""flash crash"" last week when the currency lost 6% of its value against the dollar, and news on Tuesday that the pound had fallen again, when would be a good time to change those pounds to dollars?",The BBC has asked readers to send in questions about the recent fall of the pound and rise of the FTSE 100.,2117,22,48
37624408,business,bullet_points_strict,"With the value of the pound falling dramatically since Brexit, a ""flash crash"" last week when the currency lost 6% of its value against the dollar, and news on Tuesday that the pound had fallen again, when would be a good time to change those pounds to dollars?",The pound has fallen 18% against the dollar on the judgment that growth is likely to be stronger in the US than the UK.,2117,24,48
37624408,business,one_sentence,"With the value of the pound falling dramatically since Brexit, a ""flash crash"" last week when the currency lost 6% of its value against the dollar, and news on Tuesday that the pound had fallen again, when would be a good time to change those pounds to dollars?",The pound has fallen 18% against the dollar since the Brexit vote in June. Anthony Reuben from BBC Reality Check has answered the question.,2117,24,48
37624408,business,fact_constrained,"With the value of the pound falling dramatically since Brexit, a ""flash crash"" last week when the currency lost 6% of its value against the dollar, and news on Tuesday that the pound had fallen again, when would be a good time to change those pounds to dollars?",The BBC has asked readers to send in questions about the recent fall of the pound and rise of the FTSE 100.,2117,22,48
34631268,entertainment,tldr,A philosophy student who wears vintage clothing has won a national contest for alternative models.,The winner of the Alternative Model of the Year contest has said she has never thought she could be a model.,995,21,15
34631268,entertainment,bullet_points,A philosophy student who wears vintage clothing has won a national contest for alternative models.,The winner of the Alternative Model of the Year contest has said she has always wanted to be a model.,995,20,15
34631268,entertainment,bullet_points_strict,A philosophy student who wears vintage clothing has won a national contest for alternative models.,The winner of the Alternative Model of the Year contest has said she has always wanted to be a model.,995,20,15
34631268,entertainment,one_sentence,A philosophy student who wears vintage clothing has won a national contest for alternative models.,The winner of the Alternative Model of the Year contest has been announced.,995,13,15
34631268,entertainment,fact_constrained,A philosophy student who wears vintage clothing has won a national contest for alternative models.,The winner of the Alternative Model of the Year contest has said she has never thought she could be a model.,995,21,15
36792661,politics,tldr,Plans to move a statue depicting a Royal Marine in the Falklands conflict away from Portsmouth seafront have been criticised.,A statue of a Royal Marine marching across the Falklands during World War Two has been moved to a new museum site in Portsmouth.,1809,24,20
36792661,politics,bullet_points,Plans to move a statue depicting a Royal Marine in the Falklands conflict away from Portsmouth seafront have been criticised.,A statue of a Royal Marine marching across the Falklands during World War Two has been moved to a new museum site in Portsmouth.,1809,24,20
36792661,politics,bullet_points_strict,Plans to move a statue depicting a Royal Marine in the Falklands conflict away from Portsmouth seafront have been criticised.,A statue of a Royal Marine marching across the Falklands during World War Two has been moved to a new museum site in Portsmouth.,1809,24,20
36792661,politics,one_sentence,Plans to move a statue depicting a Royal Marine in the Falklands conflict away from Portsmouth seafront have been criticised.,The statue of a Royal Marine marching across the Falklands during World War Two has been moved to a new museum site in Portsmouth.,1809,24,20
36792661,politics,fact_constrained,Plans to move a statue depicting a Royal Marine in the Falklands conflict away from Portsmouth seafront have been criticised.,A statue of a Royal Marine marching across the Falklands during World War Two has been moved to a new museum site in Portsmouth.,1809,24,20
18298438,tech,tldr,A suspected terrorist has been charged with breaching conditions imposed as part of the government's new terror monitoring powers.,A British man has appeared in court charged with breaching a terror prevention order.,1903,14,19
18298438,tech,bullet_points,A suspected terrorist has been charged with breaching conditions imposed as part of the government's new terror monitoring powers.,A British man has appeared in court charged with breaching a terror control order.,1903,14,19
18298438,tech,bullet_points_strict,A suspected terrorist has been charged with breaching conditions imposed as part of the government's new terror monitoring powers.,A British man has appeared in court charged with breaching a terror prevention order.,1903,14,19
18298438,tech,one_sentence,A suspected terrorist has been charged with breaching conditions imposed as part of the government's new terror monitoring powers.,A British man has appeared in court charged with breaching a terror control order.,1903,14,19
18298438,tech,fact_constrained,A suspected terrorist has been charged with breaching conditions imposed as part of the government's new terror monitoring powers.,A British man has appeared in court charged with breaching a terror control order.,1903,14,19
32032471,entertainment,tldr,"In recent years, Hollywood remakes and re-imaginings of classic fairytales have come thick and fast - all darker, more adult versions of tales that originally appeared in cinemas.","Cinderella is a fairytale, not a modern version of Frozen.",4544,10,28
32032471,entertainment,bullet_points,"In recent years, Hollywood remakes and re-imaginings of classic fairytales have come thick and fast - all darker, more adult versions of tales that originally appeared in cinemas.","Cinderella is a fairytale, not a fairytale.",4544,7,28
32032471,entertainment,bullet_points_strict,"In recent years, Hollywood remakes and re-imaginings of classic fairytales have come thick and fast - all darker, more adult versions of tales that originally appeared in cinemas.","Cinderella is a fairytale, not a modern version of Frozen.",4544,10,28
32032471,entertainment,one_sentence,"In recent years, Hollywood remakes and re-imaginings of classic fairytales have come thick and fast - all darker, more adult versions of tales that originally appeared in cinemas.","Cinderella is a fairytale, not a modern version of Frozen.",4544,10,28
32032471,entertainment,fact_constrained,"In recent years, Hollywood remakes and re-imaginings of classic fairytales have come thick and fast - all darker, more adult versions of tales that originally appeared in cinemas.","Cinderella is a fairytale, not a modern version of Frozen.",4544,10,28
39847422,politics,tldr,"Performers from 42 countries strode down a long red carpet near Ukraine's parliament this week, as a curtain-raiser to this year's Eurovision Song Contest.",Ukraine's decision to ban Julia Samoilova from the Eurovision Song Contest was a reversal of last year's decision to ban her from Eurovision.,4879,23,24
39847422,politics,bullet_points,"Performers from 42 countries strode down a long red carpet near Ukraine's parliament this week, as a curtain-raiser to this year's Eurovision Song Contest.",Eurovision is a festival of sodom and gomorrah.,4879,8,24
39847422,politics,bullet_points_strict,"Performers from 42 countries strode down a long red carpet near Ukraine's parliament this week, as a curtain-raiser to this year's Eurovision Song Contest.","Eurovision is a festival of sodom and gomorrah, a festival of sodom and gomorrah.",4879,14,24
39847422,politics,one_sentence,"Performers from 42 countries strode down a long red carpet near Ukraine's parliament this week, as a curtain-raiser to this year's Eurovision Song Contest.",Ukraine's decision to ban Julia Samoilova from the Eurovision Song Contest was a surprise.,4879,14,24
39847422,politics,fact_constrained,"Performers from 42 countries strode down a long red carpet near Ukraine's parliament this week, as a curtain-raiser to this year's Eurovision Song Contest.","The Eurovision Song Contest has been held in Kiev, Ukraine, for the first time in its history.",4879,17,24
12396322,entertainment,tldr,It was 50 years ago today that The Beatles played their first gig at the Cavern Club in Liverpool - the venue where the band built their reputation and where Beatlemania was born.,The Beatles were the epitome of rebellion in Liverpool.,3985,9,33
12396322,entertainment,bullet_points,It was 50 years ago today that The Beatles played their first gig at the Cavern Club in Liverpool - the venue where the band built their reputation and where Beatlemania was born.,The Cavern.,3985,2,33
12396322,entertainment,bullet_points_strict,It was 50 years ago today that The Beatles played their first gig at the Cavern Club in Liverpool - the venue where the band built their reputation and where Beatlemania was born.,The Beatles were the epitome of rebellion in Liverpool - they were the epitome of rebellion against authority.,3985,18,33
12396322,entertainment,one_sentence,It was 50 years ago today that The Beatles played their first gig at the Cavern Club in Liverpool - the venue where the band built their reputation and where Beatlemania was born.,The Cavern. The Beatles were the epitome of rebellion in Liverpool - they were a law unto themselves on the stage - they were so cheeky and so entertaining all around.,3985,31,33
12396322,entertainment,fact_constrained,It was 50 years ago today that The Beatles played their first gig at the Cavern Club in Liverpool - the venue where the band built their reputation and where Beatlemania was born.,The Cavern. The Beatles were the epitome of rebellion in Liverpool.,3985,11,33
38052755,politics,tldr,"South Africa's government has proposed a national minimum wage of 3,500 rand ($242; Â£199) a month.","South Africa's deputy president has announced a proposed national minimum wage of at least 4,500 rand.",1915,16,16
38052755,politics,bullet_points,"South Africa's government has proposed a national minimum wage of 3,500 rand ($242; Â£199) a month.","South Africa has announced a new minimum wage of at least 4,500 rand.",1915,13,16
38052755,politics,bullet_points_strict,"South Africa's government has proposed a national minimum wage of 3,500 rand ($242; Â£199) a month.","South Africa has announced a proposed national minimum wage of at least 4,500 rand.",1915,14,16
38052755,politics,one_sentence,"South Africa's government has proposed a national minimum wage of 3,500 rand ($242; Â£199) a month.","South Africa's deputy president has announced a new minimum wage of at least 4,500 rand.",1915,15,16
38052755,politics,fact_constrained,"South Africa's government has proposed a national minimum wage of 3,500 rand ($242; Â£199) a month.","South Africa has announced a proposed national minimum wage of at least 4,500 rand.",1915,14,16
19341954,politics,tldr,The death of Ethiopian Prime Minister Meles Zenawi has thrown the populous Horn of Africa giant into a period of deep uncertainty and created a serious leadership vacuum in the region with profound geopolitical implications.,Ethiopia's Meles Zenawi has died at the age of 84.,7864,10,35
19341954,politics,bullet_points,The death of Ethiopian Prime Minister Meles Zenawi has thrown the populous Horn of Africa giant into a period of deep uncertainty and created a serious leadership vacuum in the region with profound geopolitical implications.,Ethiopia's Meles Zenawi has died at the age of 84.,7864,10,35
19341954,politics,bullet_points_strict,The death of Ethiopian Prime Minister Meles Zenawi has thrown the populous Horn of Africa giant into a period of deep uncertainty and created a serious leadership vacuum in the region with profound geopolitical implications.,Ethiopia's Meles Zenawi has died at the age of 84.,7864,10,35
19341954,politics,one_sentence,The death of Ethiopian Prime Minister Meles Zenawi has thrown the populous Horn of Africa giant into a period of deep uncertainty and created a serious leadership vacuum in the region with profound geopolitical implications.,Ethiopian President Meles Zenawi has died at the age of 84.,7864,11,35
19341954,politics,fact_constrained,The death of Ethiopian Prime Minister Meles Zenawi has thrown the populous Horn of Africa giant into a period of deep uncertainty and created a serious leadership vacuum in the region with profound geopolitical implications.,Ethiopian President Meles Zenawi has died at the age of 82.,7864,11,35
34218922,politics,tldr,Two new councillors have been elected in a by-election in the City of Edinburgh.,The SNP won a by-election in the Edinburgh North and Leith Walk by-election.,1356,13,14
34218922,politics,bullet_points,Two new councillors have been elected in a by-election in the City of Edinburgh.,A by-election has been held in the Leith Walk by-election.,1356,10,14
34218922,politics,bullet_points_strict,Two new councillors have been elected in a by-election in the City of Edinburgh.,A by-election has been held in the Leith Walk by-election in Edinburgh.,1356,12,14
34218922,politics,one_sentence,Two new councillors have been elected in a by-election in the City of Edinburgh.,The SNP has won a by-election in the Edinburgh North and Leith Walk by-election.,1356,14,14
34218922,politics,fact_constrained,Two new councillors have been elected in a by-election in the City of Edinburgh.,A by-election has been held in the Leith Walk by-election.,1356,10,14
37508085,business,tldr,"Russia has said it will carry on bombing rebel-held eastern Aleppo in Syria, defying US demands to stop.",Russia has said it will continue to support the Syrian rebels after the partial ceasefire collapsed last week.,3241,18,18
37508085,business,bullet_points,"Russia has said it will carry on bombing rebel-held eastern Aleppo in Syria, defying US demands to stop.",Russian President Vladimir Putin has said he will continue to support the Syrian government in the face of the bombing of Aleppo.,3241,22,18
37508085,business,bullet_points_strict,"Russia has said it will carry on bombing rebel-held eastern Aleppo in Syria, defying US demands to stop.",Russia has said it will continue to support the Syrian rebels after the partial ceasefire collapsed last week.,3241,18,18
37508085,business,one_sentence,"Russia has said it will carry on bombing rebel-held eastern Aleppo in Syria, defying US demands to stop.",Russia has said it will continue to support the Syrian rebels in Aleppo after the partial ceasefire agreement collapsed last week.,3241,21,18
37508085,business,fact_constrained,"Russia has said it will carry on bombing rebel-held eastern Aleppo in Syria, defying US demands to stop.",Russia's foreign ministry has said it will continue to support the Syrian rebels after a partial ceasefire deal collapsed.,3241,19,18
38466964,politics,tldr,"The expulsion of 35 Russian diplomats from the US over the email hacking scandal has drawn a barrage of abuse from Moscow, which seems poised to respond in kind.","""I'm going to introduce sanctions, they will be bipartisan that names Putin as an individual, his inner circlel.""",4119,18,29
38466964,politics,bullet_points,"The expulsion of 35 Russian diplomats from the US over the email hacking scandal has drawn a barrage of abuse from Moscow, which seems poised to respond in kind.",The US administration has announced a new wave of sanctions against Russia.,4119,12,29
38466964,politics,bullet_points_strict,"The expulsion of 35 Russian diplomats from the US over the email hacking scandal has drawn a barrage of abuse from Moscow, which seems poised to respond in kind.",The US administration has announced a new wave of sanctions against Russia.,4119,12,29
38466964,politics,one_sentence,"The expulsion of 35 Russian diplomats from the US over the email hacking scandal has drawn a barrage of abuse from Moscow, which seems poised to respond in kind.",The US administration has announced a new wave of sanctions against Russia.,4119,12,29
38466964,politics,fact_constrained,"The expulsion of 35 Russian diplomats from the US over the email hacking scandal has drawn a barrage of abuse from Moscow, which seems poised to respond in kind.",The US administration has announced a new wave of sanctions against Russia.,4119,12,29
34218673,tech,tldr,Fire crews are expected to leave the site of the Shoreham Airshow disaster later after spending nearly three weeks at the scene of the crash.,The West Sussex Fire and Rescue Service has said it has completed its work at the Shoreham Air Show.,2232,19,25
34218673,tech,bullet_points,Fire crews are expected to leave the site of the Shoreham Airshow disaster later after spending nearly three weeks at the scene of the crash.,The West Sussex Fire and Rescue Service has said it has completed its work at the Shoreham Air Show.,2232,19,25
34218673,tech,bullet_points_strict,Fire crews are expected to leave the site of the Shoreham Airshow disaster later after spending nearly three weeks at the scene of the crash.,The West Sussex Fire and Rescue Service has said it has completed its work at the Shoreham Air Show.,2232,19,25
34218673,tech,one_sentence,Fire crews are expected to leave the site of the Shoreham Airshow disaster later after spending nearly three weeks at the scene of the crash.,The West Sussex Fire and Rescue Service has said it has completed its work at the Shoreham Air Show.,2232,19,25
34218673,tech,fact_constrained,Fire crews are expected to leave the site of the Shoreham Airshow disaster later after spending nearly three weeks at the scene of the crash.,The West Sussex Fire and Rescue Service has said it has completed its work at the Shoreham Air Show.,2232,19,25
40191593,business,tldr,"The US director of national intelligence has said he ""never felt pressured"" to influence the inquiry into Russia's political meddling.",The chief of the NSA has said he is willing to testify about his interactions with President Trump.,3839,18,20
40191593,business,bullet_points,"The US director of national intelligence has said he ""never felt pressured"" to influence the inquiry into Russia's political meddling.","The director of the NSA has said he is ""not willing"" to discuss his interactions with President Trump.",3839,18,20
40191593,business,bullet_points_strict,"The US director of national intelligence has said he ""never felt pressured"" to influence the inquiry into Russia's political meddling.",The chief of the NSA has said he is willing to testify about his interactions with President Trump.,3839,18,20
40191593,business,one_sentence,"The US director of national intelligence has said he ""never felt pressured"" to influence the inquiry into Russia's political meddling.",The chief of the NSA has said he is willing to testify about his interactions with President Trump.,3839,18,20
40191593,business,fact_constrained,"The US director of national intelligence has said he ""never felt pressured"" to influence the inquiry into Russia's political meddling.",The chief of the NSA has said he is willing to testify about his interactions with President Trump.,3839,18,20
33144298,entertainment,tldr,White House officials will not say whether pop star Prince performed at a weekend party at the executive residence despite guests posting about it on social media.,"The Obamas have paid for a private party in New York City, the White House said.",606,16,27
33144298,entertainment,bullet_points,White House officials will not say whether pop star Prince performed at a weekend party at the executive residence despite guests posting about it on social media.,"The Obamas have paid for a private party in New York, the White House has said.",606,16,27
33144298,entertainment,bullet_points_strict,White House officials will not say whether pop star Prince performed at a weekend party at the executive residence despite guests posting about it on social media.,The Obamas have held a private party at the White House.,606,11,27
33144298,entertainment,one_sentence,White House officials will not say whether pop star Prince performed at a weekend party at the executive residence despite guests posting about it on social media.,"The Obamas have held a private party at the White House, a spokesman said.",606,14,27
33144298,entertainment,fact_constrained,White House officials will not say whether pop star Prince performed at a weekend party at the executive residence despite guests posting about it on social media.,"The Obamas have held a private party in New York City, a spokesman said.",606,14,27
34833729,business,tldr,These roads in Northern Ireland are closed due to poor weather conditions as of Friday 15 January.,The following roads are in County Antrim:,172,7,17
34833729,business,bullet_points,These roads in Northern Ireland are closed due to poor weather conditions as of Friday 15 January.,"Derrygonnelly is a town in County Down, Northern Ireland.",172,9,17
34833729,business,bullet_points_strict,These roads in Northern Ireland are closed due to poor weather conditions as of Friday 15 January.,"Derrygonnelly is a town in County Down, Northern Ireland.",172,9,17
34833729,business,one_sentence,These roads in Northern Ireland are closed due to poor weather conditions as of Friday 15 January.,"Derrygonnelly is a city in County Down, County Antrim. The city is located at the junction of Causanagh Road, Loughgall Tannyoky Road, Poyntzpass Carrowreagh Road, Dundonald Edenticullo Road, Hillsborough New Line Road, Rathfriland Drumanure Road, Derrygonnelly Road.",172,37,17
34833729,business,fact_constrained,These roads in Northern Ireland are closed due to poor weather conditions as of Friday 15 January.,"Derrygonnelly is a town in County Down, Northern Ireland.",172,9,17
39806255,entertainment,tldr,A church in West Yorkshire has recruited a new vicar following a video job advertisement sung by a choir of children.,A video of a new vicar at a church has gone viral.,864,12,21
39806255,entertainment,bullet_points,A church in West Yorkshire has recruited a new vicar following a video job advertisement sung by a choir of children.,"A video of a new vicar at a church has been viewed more than 30,000 times.",864,16,21
39806255,entertainment,bullet_points_strict,A church in West Yorkshire has recruited a new vicar following a video job advertisement sung by a choir of children.,A video of a new vicar at a church has gone viral.,864,12,21
39806255,entertainment,one_sentence,A church in West Yorkshire has recruited a new vicar following a video job advertisement sung by a choir of children.,"A video of a new vicar at a church has been viewed more than 30,000 times.",864,16,21
39806255,entertainment,fact_constrained,A church in West Yorkshire has recruited a new vicar following a video job advertisement sung by a choir of children.,A video of a new vicar at a church has gone viral.,864,12,21
36043765,entertainment,tldr,A seal found tangled in nets on an Aberdeenshire beach has been returned to the sea.,A grey seal has been freed after netting was tangled around its neck.,819,13,16
36043765,entertainment,bullet_points,A seal found tangled in nets on an Aberdeenshire beach has been returned to the sea.,A grey seal has been rescued from a tangled net of netting.,819,12,16
36043765,entertainment,bullet_points_strict,A seal found tangled in nets on an Aberdeenshire beach has been returned to the sea.,A grey seal has been freed after netting was tangled around its neck.,819,13,16
36043765,entertainment,one_sentence,A seal found tangled in nets on an Aberdeenshire beach has been returned to the sea.,A grey seal has been rescued from a tangled net of netting.,819,12,16
36043765,entertainment,fact_constrained,A seal found tangled in nets on an Aberdeenshire beach has been returned to the sea.,A grey seal has been released from the sea after being tangled in netting.,819,14,16
36101502,entertainment,tldr,We go behind the scenes with singer Laura Mvula as she prepares to debut her new material and kick off the 48th series of Later... with Jools Holland.,"""I'd rather die. That's how I feel sometimes,"" says Laura.",8441,10,28
36101502,entertainment,bullet_points,We go behind the scenes with singer Laura Mvula as she prepares to debut her new material and kick off the 48th series of Later... with Jools Holland.,"""I'm naturally terrified,"" says Laura.",8441,5,28
36101502,entertainment,bullet_points_strict,We go behind the scenes with singer Laura Mvula as she prepares to debut her new material and kick off the 48th series of Later... with Jools Holland.,"""I'd rather die. That's how I feel sometimes.""",8441,8,28
36101502,entertainment,one_sentence,We go behind the scenes with singer Laura Mvula as she prepares to debut her new material and kick off the 48th series of Later... with Jools Holland.,"""I'm naturally terrified. I'd rather die,"" says Laura.",8441,8,28
36101502,entertainment,fact_constrained,We go behind the scenes with singer Laura Mvula as she prepares to debut her new material and kick off the 48th series of Later... with Jools Holland.,"""I'm naturally terrified,"" says Laura.",8441,5,28
35714830,business,tldr,"League Two Exeter City made a profit of over £1.6m last year, according to the club's latest accounts.",Exeter City have reported a profit of £1.642m after a £1.75m transfer to Swansea City.,1132,15,18
35714830,business,bullet_points,"League Two Exeter City made a profit of over £1.6m last year, according to the club's latest accounts.",Exeter City have reported a net profit of £1.7m for the first time since the club's sale of midfielder Matt Grimes.,1132,21,18
35714830,business,bullet_points_strict,"League Two Exeter City made a profit of over £1.6m last year, according to the club's latest accounts.",Exeter City have reported a profit of £1.642m after a £1.75m transfer to Swansea City.,1132,15,18
35714830,business,one_sentence,"League Two Exeter City made a profit of over £1.6m last year, according to the club's latest accounts.",Exeter City have reported a profit of £1.642m for the first time since the club's sale of midfielder Matt Grimes.,1132,20,18
35714830,business,fact_constrained,"League Two Exeter City made a profit of over £1.6m last year, according to the club's latest accounts.",Exeter City have reported a net profit of £1.642m after a £1.75m transfer to Swansea City.,1132,16,18
